SKU,Question,Generated Response,Expected Response,Cosine Similarity
Np0006,Is there contact  us details,"Here is the contact information to reach our team.
How can we help?
Customer Service
800 955 6288
Customercare@thermofisher.com
Technical Support
800 955 6288
Contact Technical Support
Instrument Service
800 955 6288
Contact Instrument Service
Give feedback","Concentration of NuPAGE Transfer Buffer (20X) - NP0006
The concentration of the NuPAGE Transfer Buffer (20X), catalog number NP0006, is 20X.

Sources  4  3
Additional Data & References
1. Western Blot Protocols and Recipes
2. NuPAGE Technical Guide (Page: 8, 48)
3. NuPAGE™ Transfer Buffer (20X)
4. NuPAGE™ Transfer Buffer (20X)
5. Western Blot Sample Preparation Protocol
6. NuPAGE Large Protein Analysis System (Page: 31)
7. NuPAGE Bis-Tris and Bolt Bis-Tris Plus Gels
",0.023144489977317093
Np0006,Is this available for purchase?,"Product NP0006 (NuPAGE™ Transfer Buffer (20X)) is currently In Stock and available for purchase. i
Give feedback","Here is the contact information to reach our team.
How can we help?
Customer Service

Contact Customer Service
Technical Support
1234567891

Contact Technical Support
Instrument Service
1234567893
Random3@gmail.com
Sales
Live Chat
Can't find what you're looking for?
Find additional support.
",0.03168612945949602
Np0006,promo codes,"Currently, there are no active promotions or discounts available for product NP0006 (NuPAGE™ Transfer Buffer (20X)).
Give feedback","Yes, the product NP0006 (NuPAGE™ Transfer Buffer (20X), 125 mL) is currently in stock and available for purchase.  i",0.3360969272762575
Np0006,SDS,"I found the following safety_data_sheets for NP0006
Safety Data Sheets (1 matches)
NP0006
Give feedback","Currently, there are no active promotions or discounts available for the product NP0006 (NuPAGE™ Transfer Buffer (20X), 125 mL).",0.1394443826459862
Np0006,any certificates ,"Certificates (5 matches)
Lot #
Certificate Type
Date
Catalog Number(s)
TFHEPUY
Certificate of Analysis
Apr 02, 2026
NP0006
TF2C1GM
Certificate of Analysis
Apr 02, 2026
NP0006
TFQAIIRKW
Certificate of Analysis
Mar 29, 2026
NP0006
TFOT1DT
Certificate of Analysis
Mar 27, 2026
NP0006
TF8AAQW
Certificate of Analysis
Mar 27, 2026
NP0006
Here are the 5 latest certificate(s). If you can't find the one you're looking for, please provide the LOT number below.
Give feedback","I found the following safety_data_sheets for NP0006
Safety Data Sheets (1 matches)
NP0006",0.17414895566208605
Np0006,manuals ,"I found the following Manuals for NP0006
Product Information (5 matches)
Quick Reference Guide: NuPAGE Bis-Tris Midi Gels, WedgeWell Format
Quick Reference Guide: NuPAGE Bis-Tris Midi Gels
NuPAGE Technical Guide
NuPAGE Large Protein Analysis System
Mini Gel Tank and Blot Module QRC
Give feedback","Certificates (5 matches)
Lot #
Certificate Type
Date
Catalog Number(s)
TFRSRE26S
Certificate of Analysis
Nov 28, 2025
NP0006
TFRSK6JNH
Certificate of Analysis
Nov 28, 2025
NP0006
TFQALWUGZ
Certificate of Analysis
Nov 28, 2025
NP0006
TFQAV4VT9
Certificate of Analysis
Nov 28, 2025
NP0006
TFQARNCPC
Certificate of Analysis
Nov 19, 2025
NP0006
Here are the 5 latest certificate(s). If you can't find the one you're looking for, please provide the LOT number below.",0.0627267214827835
Np0006,product compare with 3500,"Attribute NP0006 3500
Catalog Number NP0006 3500
Product Title NuPAGE™ Transfer Buffer (20X) HLT 10 MICROPOINT BULK NST 100
Product Size Each Case of 10000
Unit of Measure EA CS
Price (USD) $36.81 Price is not available
Availability In Stock Not specified
Is Loyalty Aspire Eligible True False
Is Recurring Order Eligible True False
Product Type / Category Transfer Buffer Not specified
Specifications Buffer: Transfer Buffers
Concentration: 20X
Content And Storage: Store at room temperature. Guaranteed stable for 6 months unless otherwise specified.
Gel Compatibility: NuPAGE™ Gels
Quantity: 125mL
Shelf Life: 6 Months
Shipping Condition: Room Temperature
Gel Type: NuPAGE
Product Line: NuPAGE Not specified
Give feedback","I found the following Manuals for NP0006
Product Information (6 matches)
EquipmentManuals-Np0006
Operator Manuals - NP0006
User Manuals - NP0006
NuPAGE Technical Guide
NuPAGE Large Protein Analysis System
Mini Gel Tank and Blot Module QRC",0.14442735644455765
Np0006,is any tech note,"Technical Notes
There are no specific technical notes provided for product NP0006 in the available documentation.
Sources 1
Additional Data & References
1. NuPAGE Large Protein Analysis System (Page: 9, 16, 32, 34)
2. 2D Gel Electrophoresis Buffers & Reagents
3. 2D Gel Electrophoresis Buffers & Reagents
4. NuPAGE Technical Guide (Page: 56)
5. Western Blot Protocols and Recipes
Give feedback","Comparison of NuPAGE Transfer Buffer (20X) (Catalog Number: NP0006) with Product 3500
Based on the provided information, detailed data is available for NP0006 (NuPAGE Transfer Buffer 20X), but no information is available for product 3500 in the provided context.

NuPAGE Transfer Buffer (20X) - NP0006
Use: Used to transfer proteins from NuPAGE Bis-Tris and NuPAGE Tris-Acetate gels to membranes for western blotting.
Buffer Type: Transfer Buffer, 20X concentration.
Storage: Store at room temperature; guaranteed stable for 6 months.
Quantity: 125 mL or 1 L options available.
Compatibility: Compatible with NuPAGE gels.
Features: Maintains neutral pH to protect amino acid side chains; compatible with N-terminal protein sequencing using Edman degradation.
Usage: Can be used with Novex Semi-Dry Blotter for semi-dry transfer or XCell II Blot Module for wet transfer.
Enhancement: NuPAGE Antioxidant can be added to enhance transfer of reduced proteins.
Shelf Life: 6 months.
Shipping Condition: Room temperature.
No information about product 3500 is available in the provided documents, so a direct comparison cannot be made.

If you provide more details or context about product 3500, we can assist further.

Sources  1  3
Additional Data & References
1. NuPAGE™ Transfer Buffer (20X)
2. NuPAGE Technical Guide (Page: 38, 48)
3. NuPAGE™ Transfer Buffer (20X)
4. Western Blot Protocols and Recipes
5. NuPAGE Large Protein Analysis System (Page: 1, 4, 31)
",0.22399543685987647
Np0006,is there any brochures,"Brochures Available for Western Blotting and Protein Electrophoresis
We offer several brochures that provide detailed information and guidance on western blotting and protein electrophoresis workflows, including transfer buffers and detection reagents.
Western Blotting Overview Brochure: This brochure provides an overview of the western blotting workflow, helping users understand the process and optimize their experiments.
HMW Protein Transfer Application Note: This application note focuses on the transfer of high molecular weight proteins using the iBlot 2 system.
Western Detection Workflow Brochure: This brochure covers the entire western detection workflow, including blocking buffers, wash buffers, and stripping buffers.
These brochures can be downloaded from our website and provide valuable insights for optimizing western blot experiments.
Sources 2
4
Additional Data & References
1. NuPAGE Large Protein Analysis System (Page: 32)
2. Transfer Buffers for Western Blotting
3. Native PAGE Gels
4. Western Blot Buffers
5. NuPAGE Technical Guide (Page: 3, 56)
6. Blocking Buffers for Western Blot and ELISA
7. NuPAGE Technical Guide (Page: 56)
Give feedback","Technical Notes for NP0006 (NuPAGE Transfer Buffer 20X)
The NuPAGE Transfer Buffer (20X) is designed for efficient protein transfer from NuPAGE Bis-Tris and NuPAGE Tris-Acetate gels to membranes during western blotting. It maintains a neutral pH environment established during electrophoresis, which protects amino acid side chains from modification and is compatible with N-terminal protein sequencing using Edman degradation.

This buffer can be used with the Novex Semi-Dry Blotter for semi-dry transfer or with the XCell II Blot Module for wet (tank) transfer. Additionally, NuPAGE Antioxidant may be used with this buffer to enhance the transfer of reduced proteins to membranes.

For detailed protocols and additional technical resources, you may refer to the following guides and manuals available for NP0006:

NuPAGE Technical Guide
NuPAGE Large Protein Analysis System Manual
Mini Gel Tank and Blot Module Quick Reference Card
These documents provide comprehensive instructions and technical details to optimize your western blotting experiments using NP0006.

Sources  1
Additional Data & References
1. NuPAGE Large Protein Analysis System (Page: 9, 16, 32, 34)
2. 2D Gel Electrophoresis Buffers & Reagents
3. NuPAGE Technical Guide (Page: 56)
4. Western Blot Protocols and Recipes
5. Western Blot Buffers
",0.4841836739187616
A43605024,LULL,"Contents of the Collibri ES DNA Library Preparation Kit Documentation
The documentation includes detailed protocols and information sections such as:
Purify the amplified SARS-CoV-2 genome
Normalize amplified SARS-CoV-2 genome
Prepare 96 indexed libraries
Fragmentation and dA-tailing of input DNA
Dual indexed adaptor ligation
Post-ligation cleanup
Library PCR amplification (optional)
Purify amplified DNA libraries
Verify quality and quantity of prepared DNA libraries
Sequence on an Illumina platform
Adaptor index sequences and plate layouts
Chemical and biological hazard safety
Customer and technical support
Limited product warranty
This documentation serves as a comprehensive guide for library preparation and sequencing workflows.
Sources 1
2
Additional Data & References
1. User Guide: Collibri ES DNA Library Prep Kit - for sequencing SARS-CoV-2 with PCR enrichment (Page: 4, 27, 52)
2. User Guide: Collibri ES DNA Library Prep Kit - For sequencing SARS-CoV-2 with PCR enrichment using Phusion Plus PCR Master Mix (Page: 4, 49)
3. User Guide: Collibri ES DNA Library Prep Kits for Whole Exome Sequencing (Page: 29)
4. User Guide: Collibri ES DNA Library Prep Kit for Illumina (Page: 5, 58)
Give feedback","Brochures for NP0006 (NuPAGE Transfer Buffer 20X)
While there are no specific brochures exclusively for NP0006 listed, related educational and informational brochures are available to support western blotting workflows and protein analysis. These include:

Western Blotting Overview Brochure: Provides an overview of the western blotting workflow, which is relevant when using transfer buffers like NP0006.
HMW Protein Transfer Application Note: Offers detailed guidance on transferring high molecular weight proteins, which can be useful when using NuPAGE transfer buffers.
These brochures can be accessed through the Thermo Fisher Scientific website and provide valuable insights into western blotting techniques and protein transfer optimization.

Sources  2
Additional Data & References
1. NuPAGE Large Protein Analysis System (Page: 3, 31, 32)
2. Transfer Buffers for Western Blotting
3. Western Blot Buffers
4. NuPAGE Technical Guide (Page: 1, 56)
5. Blocking Buffers for Western Blot and ELISA
",0.11812975352478061
11012044,list all the Vitamins and their Molecular weights?,"I was unable to find specific information about the vitamins and their molecular weights in the provided product documentation for catalog number 11012044. Please contact our Technical Support Team for detailed information.
Sources i
Additional Data & References
1. Product Sheet: Media and Balanced Salt Solutions Preparation from Powder and Concentrates (Page: 1, 2, 3)
2. FAQ:Where can I find media formulations?

3. FAQ:Where can I find the osmolality for MEM Medium?

4. FAQ:Do you have a comparison of dishes, culture plates, and flasks by surface area, seeding density, cells at confluency, and volumes of Versene solution, trypsin, and growth medium?
5. FAQ:Can the Gibco Media Configurator be used for my own proprietary formulation?

6. FAQ:Do you offer assistance with media formulation development?

How can we help?
Customer Service
800 955 6288
Customercare@thermofisher.com
Technical Support
800 955 6288
Contact Technical Support
Sales
Live Chat
Give feedback","Related and Alternative Products for NuPAGE™ Transfer Buffer (20X) - NP0006
Here are the alternative products available for NP0006:

Catalog Number	Product Title	Size	Price (USD)	Availability
BT0006	Bolt™ Transfer Buffer (20X)	125 mL	$35.88	In Stock
NP00061	NuPAGE™ Transfer Buffer (20X)	1 L	$234.00	Out Of Stock (Pending)
This search is not yet fully optimized to provide product recommendations. Please feel free to ask specific questions about this product for more detailed information.",0.13505128148477805
NP0006,Concentration,"Concentration of NuPAGE Transfer Buffer (20X) - NP0006
The concentration of the NuPAGE Transfer Buffer (catalog number NP0006) is 20X.
This buffer is designed for transferring proteins from NuPAGE Bis-Tris and NuPAGE Tris-Acetate gels to membranes for western blotting, maintaining a neutral pH environment during electrophoresis.
Additional Data & References
1. Western Blot Protocols and Recipes
2. NuPAGE Technical Guide (Page: 8, 48)
3. NuPAGE Technical Guide (Page: 8, 48)
4. Quick Reference Guide: NuPAGE Bis-Tris Midi Gels (Page: 1)
5. Quick Reference Guide: NuPAGE Bis-Tris Midi Gels, WedgeWell Format (Page: 1)
6. Western Blot Sample Preparation Protocol
Give feedback","Comparison of NuPAGE™ Transfer Buffer (20X) - NP0006 with NuPAGE™ MES SDS Running Buffer (20X) - NP0002 and NuPAGE™ Sample Reducing Agent (10X) - NP0004
Attribute	NP0006	NP0002	NP0004
Product Title	NuPAGE™ Transfer Buffer (20X)	NuPAGE™ MES SDS Running Buffer (20X)	NuPAGE™ Sample Reducing Agent (10X)
Catalog Number	NP0006	NP0002	NP0004
Product Size	125 mL	500 mL	250 µL
Concentration	20X	20X	500 mM
Product Type	Transfer Buffer	Running Buffer	Sample Reducing Agent
Product Line	NuPAGE™	NuPAGE	NuPAGE™
Storage Condition	Room Temperature	+4°C to 25°C	4°C (Wet Ice Shipping)
Shelf Life	6 Months	Not specified	6 Months
Usage	Protein transfer from gels to membranes for western blotting	Running buffer for electrophoresis	Reducing agent for sample preparation
Availability	In Stock	In Stock	In Stock
Price (USD)	$35.49	$112.00	$20.77
Summary: While all three products belong to the NuPAGE product family, NP0006 is a transfer buffer used for protein transfer in western blotting, NP0002 is a running buffer used during electrophoresis, and NP0004 is a sample reducing agent used to prepare samples. They differ in their function, concentration, size, storage conditions, and price. Therefore, they are related but serve distinct roles in protein electrophoresis and western blot workflows.

i
",0.3618409712424214
NP0006,What are the related products?,"Related Products to NP0006 (NuPAGE Transfer Buffer 20X)
The following electrophoresis reagents and apparatus are related and commonly used with NP0006 for protein separation and analysis:
Product Quantity Catalog Number
XCell SureLock1 Mini-Cell 1 unit EI0001
XCell II1 Blot Module 1 unit EI9051
PowerEase1 500 Power Supply 1 unit EI8600
DryEase1 Mini-Gel Drying System 1 Kit NI2387
StainEase1 Staining Tray 2/pack NI2400
Gel-Dry1 Drying Solution 500 mL LC4025
iBlot1 Gel Transfer Device 1 unit IB1001
Novex1 Semi-Dry Blotter 1 unit SD1000
NuPAGE1 LDS Sample Buffer (4X) 10 mL NP0007
250 mL NP0008
NuPAGE1 MOPS SDS Running Buffer (20X) 500 mL NP0001
NuPAGE1 MES SDS Running Buffer (20X) 500 mL NP0002
NuPAGE1 Tris-Acetate SDS Running Buffer (20X) 500 mL LA0041
NuPAGE1 Antioxidant 15 mL NP0005
NuPAGE1 Sample Reducing Agent (10X) 250 bcL NP0004
10 mL NP0009
Novex1 Tris-Glycine Native Running Buffer (10X) 500 mL LC2672
Novex1 Tris-Glycine Native Sample Buffer (2X) 20 mL LC2673
Nitrocellulose Membrane 0.2 bcm 20 membrane/filter papers LC2000
Invitrolon1 PVDF membranes 0.45 bcm 20 membrane/filter papers LC2005
PVDF membranes 0.2 bcm 20 membrane/filter papers LC2002
Sources 1
2
Additional Data & References
1. NuPAGE Technical Guide (Page: 1, 48)
2. NuPAGE Technical Guide (Page: 48)
3. Western Blot Protocols and Recipes
4. Quick Reference Guide: NuPAGE Bis-Tris Midi Gels (Page: 1)
5. Quick Reference Guide: NuPAGE Bis-Tris Midi Gels, WedgeWell Format (Page: 1)
6. NuPAGE Large Protein Analysis System (Page: 31)
7. Western Blot Sample Preparation Protocol
Give feedback","Alternate Products for NuPAGE™ Transfer Buffer (20X) - NP0006
Catalog Number	Product Title	Size	Price (USD)	Availability
BT0006	Bolt™ Transfer Buffer (20X)	125 mL	$35.88	In Stock
NP00061	NuPAGE™ Transfer Buffer (20X)	1 L	$234.00	Out Of Stock (Pending)
This search is not yet fully optimized to provide product recommendations. Please feel free to ask specific questions about this product for more detailed information.",0.20812422464028468
NP0006,is this similar to NP0002 and NP0004?,"Comparison of NP0006 with NP0002 and NP0004
Attribute NP0006 NP0002 NP0004
Catalog Number NP0006 NP0002 NP0004
Product Title NuPAGE™ Transfer Buffer (20X) NuPAGE™ MES SDS Running Buffer (20X) NuPAGE™ Sample Reducing Agent (10X)
Product Line NuPAGE NuPAGE NuPAGE
Product Type Transfer Buffer Running Buffer Sample Reducing Agent
Concentration 20X 20X 500 mM
Quantity 125mL 500 mL 250μL
Storage Store at room temperature. Guaranteed stable for 6 months. +4°C to 25°C Store at 4°C. Guaranteed stable for 6 months.
Physical Form Not specified Liquid Not specified
pH Not specified 7.3 Not specified
Shipping Condition Room Temperature Not specified Wet Ice
Price (USD) $36.81 $111.65 $20.65
Availability In Stock In Stock In Stock
Summary: While all three products belong to the NuPAGE product line, NP0006 is a Transfer Buffer, NP0002 is a MES SDS Running Buffer, and NP0004 is a Sample Reducing Agent. They serve different roles in electrophoresis workflows. NP0006 and NP0002 share the same concentration of 20X but differ in buffer type and volume. NP0004 has a different concentration and function. All are available in stock.
Give feedback","Certificates (5 matches)
Lot #
Certificate Type
Date
Catalog Number(s)
TFRSRE26S
Certificate of Analysis
Nov 28, 2025
NP0006
TFRSK6JNH
Certificate of Analysis
Nov 28, 2025
NP0006
TFQALWUGZ
Certificate of Analysis
Nov 28, 2025
NP0006
TFQAV4VT9
Certificate of Analysis
Nov 28, 2025
NP0006
TFQARNCPC
Certificate of Analysis
Nov 19, 2025
NP0006
Here are the 5 latest certificate(s). If you can't find the one you're looking for, please provide the LOT number below.
",0.07743169962832178
NP0006,What are the alternate products?,"Alternate Products for NP0006 (NuPAGE™ Transfer Buffer (20X))
Catalog Number Product Title Quantity Price (USD) Availability
BT00061 Bolt™ Transfer Buffer (20X) Each $240.65 In Stock
This search is not yet fully optimized to provide product recommendations. Please feel free to ask specific questions about this product for more detailed information.
i
Give feedback","Sorry, I can only assist with inquiries related to this specific product. Please contact Customer Service or visit Generate a Web Quote page for further assistance.
How can we help?
Customer Service

Contact Customer Service
Technical Support
1234567891

Contact Technical Support
Instrument Service
1234567893
Random3@gmail.com
Sales
Live Chat
Can't find what you're looking for?
Find additional support.",0.08717497355334237
NP0006,Certificates for MYP91T1,"Certificates (5 matches)
Lot #
Certificate Type
Date
Catalog Number(s)
TFHEPUY
Certificate of Analysis
Apr 02, 2026
NP0006
TF2C1GM
Certificate of Analysis
Apr 02, 2026
NP0006
TFQAIIRKW
Certificate of Analysis
Mar 29, 2026
NP0006
TFOT1DT
Certificate of Analysis
Mar 27, 2026
NP0006
TF8AAQW
Certificate of Analysis
Mar 27, 2026
NP0006
Here are the 5 latest certificate(s). If you can't find the one you're looking for, please provide the LOT number below.
Give feedback","Detection of Binding Between Matrix GLA Protein (MGP) and Bone Morphogenetic Protein-2 (BMP-2)
The binding between MGP and BMP-2 can be detected using immunoprecipitation techniques. Specifically, MGP and BMP-2 are tagged with FLAG and c-Myc tags, respectively. Immunoprecipitation is then performed using these tagged proteins, and co-precipitation of BMP-2 with MGP indicates binding between the two proteins.

This method allows for the identification and confirmation of the interaction between MGP and BMP-2.

Sources  1
Additional Data & References
1. Matrix GLA protein, a regulatory protein for bone morphogenetic protein-2.
2. NuPAGE Bis-Tris and Bolt Bis-Tris Plus Gels
3. NuPAGE Tris-Acetate Gels
4. Native PAGE Gels
5. NuPAGE Technical Guide (Page: 36, 46)
6. Blocking Buffers for Western Blot and ELISA
7. FAQ:Is the NuPAGE Transfer buffer compatible with N-terminal sequencing of proteins via Edman degradation?
",0.07696528624237012
NP0006,how to request for a quote for a bulk order?,"We have agents available now that can assist you with this query! Please connect with them by selecting the team available in the open chat window to get started.
Give feedback","Product inquiries require a catalog number. We've found these potential matches for your search ""rhlaminin-521"". If the product you wish to inquire isn't shown in this list, please enter a catalog number in the text box below.


rhLaminin-521, 1 mg
Catalog Number: A29249

Essential 8™ Adaptation Kit
Catalog Number: A25935

Pluripotent Stem Cell (PSC) Gene Editing Demo Kit
Catalog Number: A43203",0.09571081781884432
NP0006,how to detect the binding between MGP and BMP-2,"Detection of Binding Between MGP and BMP-2
Binding between Matrix GLA protein (MGP) and bone morphogenetic protein-2 (BMP-2) can be detected using immunoprecipitation techniques. In the described study, MGP and BMP-2 were tagged with FLAG and c-Myc, respectively. Immunoprecipitation was performed using these tagged proteins, and the results showed co-precipitation of BMP-2 with MGP, indicating binding.
Sources 1
Additional Data & References
1. Matrix GLA protein, a regulatory protein for bone morphogenetic protein-2.
2. NuPAGE Bis-Tris and Bolt Bis-Tris Plus Gels
3. NuPAGE Tris-Acetate Gels
4. Native PAGE Gels
5. Quick Reference Guide: NuPAGE Bis-Tris Midi Gels, WedgeWell Format (Page: 3)
6. NuPAGE Technical Guide (Page: 36, 46)
7. NuPAGE Technical Guide (Page: 36)
Give feedback","Shipping Condition of NuPAGE Sample Reducing Agent (10X) - NP0004
The NuPAGE Sample Reducing Agent (10X) is shipped on wet ice to ensure stability during transport.

Additional Data & References
1. Quick Reference: NuPAGE Bis-Tris Mini Gels (Page: 1)
2. NuPAGE™ Sample Reducing Agent (10X)
3. NuPAGE™ Sample Reducing Agent (10X)
4. FAQ:How should I store the NuPAGE Sample Reducing agent and NuPAGE Antioxidant?
5. Immunoprecipitation using Protein A - 10006D
6. Immunoprecipitation using Protein G - 10007D
7. NuPAGE Bis-Tris and Bolt Bis-Tris Plus Gels
8. Protein Electrophoresis Buffers and Reagents",0.33876360824338764
NP0006,is rhLaminin-521 sterile,"Sterility of rhLaminin-521
The provided product information does not include any details regarding the sterility of rhLaminin-521. Therefore, we cannot confirm if rhLaminin-521 is sterile based on the available data.
For specific information about the sterility or other quality attributes of rhLaminin-521, we recommend consulting the product's Certificate of Analysis (COA) or contacting our Technical Support Team.
Sources 1
2
3
4
5
6
Additional Data & References
1. Quick Reference Guide: NuPAGE Bis-Tris Midi Gels (Page: 1)
2. NuPAGE Large Protein Analysis System (Page: 4, 30, 31)
3. Quick Reference Guide: NuPAGE Bis-Tris Midi Gels, WedgeWell Format (Page: 1)
4. Western Blot Protocols and Recipes
5. Protein Electrophoresis Buffers and Reagents
6. Protein Electrophoresis Buffers and Reagents
How can we help?
Customer Service
800 955 6288
Customercare@thermofisher.com
Technical Support
800 955 6288
Contact Technical Support
Instrument Service
800 955 6288
Contact Instrument Service
Sales
Live Chat
Give feedback","产品比较：NuPAGE™ Transfer Buffer (20X) - NP0006 与 NuPAGE™ Transfer Buffer (20X), 1L - NP00061
属性	NP0006	NP00061
目录号	NP0006	NP00061
产品名称	NuPAGE™ Transfer Buffer (20X)	NuPAGE™ Transfer Buffer (20X)
规格/容量	125 mL	1 L
浓度	20X	20X
价格 (USD)	$35.49	$234.00
库存状态	In Stock	Out Of Stock (Pending)
适用凝胶类型	NuPAGE™ Gels	未具体说明
储存条件	室温	未具体说明
保质期	6个月	未具体说明",0.053327665629717275
NP0006,shipping condition of NP0004,"Shipping Conditions for NuPAGE Sample Reducing Agent (Cat. No. NP0004)
The product should be shipped on wet ice to maintain stability during transport.
Additional Data & References
1. Quick Reference Guide: NuPAGE Bis-Tris Midi Gels, WedgeWell Format (Page: 1, 4)
2. Quick Reference Guide: NuPAGE Bis-Tris Mini Gels (Page: 1, 4)
3. Quick Reference Guide: NuPAGE Bis-Tris Midi Gels (Page: 1, 4)
4. Immunoprecipitation using Protein A - 10006D
5. Immunoprecipitation using Protein G - 10007D
Give feedback","I found the following Lulls for A43605024
Scientific Resources (1 matches)
License #443 - thin-well microplate, microtitration plate, Twintec",0.02253998683549739
A43605024,What are the main challenges associated with cfDNA library preparation?,"Main Challenges Associated with cfDNA Library Preparation
Circulating cell-free DNA (cfDNA) library preparation presents several challenges due to the nature of the input material and sample variability:
Limited Quantity: cfDNA is present in very limited quantities in blood samples, typically in the low ng/mL range, making it difficult to obtain sufficient material for sequencing.
Degraded DNA: cfDNA is often degraded because it is fragmented during apoptosis, resulting in short fragments (~170 bp), and further degradation can occur in peripheral circulation.
Genomic DNA Contamination: Presence of genomic DNA (gDNA) from white blood cells due to mechanical damage during sample processing and storage can contaminate cfDNA samples, complicating the enrichment of cfDNA.
Variability in cfDNA Amounts: There is considerable variation in cfDNA amounts depending on sample type, complicating workflow standardization.
Low Quality of Input Material: The fragmented and degraded nature of cfDNA makes efficient and reproducible extraction essential for successful library preparation and downstream analysis.
These challenges require specialized protocols and careful handling to ensure high-quality sequencing libraries from cfDNA.
Sources 1
Additional Data & References
1. Application note: Library preparation from circulating cell-free DNA (Page: 1, 2, 4)
2. Tech Note: Scaling library preparation and maintaining quality (Page: 1, 2)
3. Tech Note: Impact of GC bias on library preparation (Page: 1)
4. User Guide: Collibri ES DNA Library Prep Kit for Illumina (Page: 15)
5. FAQ:How do I assess the quality of the prepared Collibri DNA library?

Give feedback","Vitamins and Their Molecular Weights in MEM, Hanks' Balanced Salts, powder (Catalog Number 11012044)
Vitamin	Molecular Weight
Choline chloride	140.0
D-Calcium pantothenate	477.0
Folic Acid	441.0
Niacinamide	122.0
Pyridoxal hydrochloride	204.0
Riboflavin	376.0
Thiamine hydrochloride	337.0
i-Inositol	180.0
Sources  1
Additional Data & References
1. https://www.thermofisher.com/us/en/home/technical-resources/media-formulation.205.html (Page: 1)
2. Product Sheet: Media and Balanced Salt Solutions Preparation from Powder and Concentrates (Page: 2, 3)
3. Media Preparation from Powder and Concentrates
4. MEM, Hanks' Balanced Salts, powder
5. Fetal Bovine Serum
6. One Shot FBS
7. FAQ:Where can I find media formulations?
",0.12099401572692871
NP0006,與 NP0006 比較,"属性 NP0006 NP00061
产品名称 NuPAGE™ Transfer Buffer (20X) NuPAGE™ Transfer Buffer (20X), 1L
规格浓度 20X 20X
容量 125mL 1L
价格 (USD) 36.81 243.00
库存状态 In Stock In Stock

总结：两款产品均为20X浓度的NuPAGE转移缓冲液，主要区别在于容量和价格，NP0006为125mL，价格为36.81美元；NP00061容量为1L，价格为243.00美元。 i
Give feedback","Main Challenges Associated with cfDNA Library Preparation
Preparing libraries from circulating cell-free DNA (cfDNA) presents several significant challenges:

Limited Quantity of Material: cfDNA is present in very low quantities in blood samples, typically in the low ng/mL range, making it difficult to obtain sufficient input material for library preparation.
Degraded DNA Quality: cfDNA is often degraded due to apoptosis and exposure to peripheral circulation conditions, resulting in fragmented DNA primarily around 170 base pairs.
Genomic DNA Contamination: Contamination from larger genomic DNA (gDNA) molecules originating from white blood cells can occur due to mechanical damage during sample processing and storage, complicating the enrichment of cfDNA.
Variability in cfDNA Amounts: There is considerable variation in cfDNA concentration depending on sample type, which complicates workflow standardization and quantification prior to extraction.
These challenges necessitate efficient and reproducible extraction and library preparation methods to ensure high-quality sequencing data from cfDNA samples.

Sources  1
Additional Data & References
1. Application note: Library preparation from circulating cell-free DNA (Page: 1, 2, 4)
2. Tech Note: Scaling library preparation and maintaining quality (Page: 1, 2)
3. Tech Note: Impact of GC bias on library preparation (Page: 1)
4. User Guide: Collibri ES DNA Library Prep Kit for Illumina (Page: 15)
5. FAQ:How do I assess the quality of the prepared Collibri DNA library?
",0.03123401422019297
